KR_MLP,KR_SVR,KR_RF,KR_GB,KR_RID,MLP_SVR,MLP_RF,MLP_GB,MLP_RID,SVR_RF,SVR_GB,SVR_RID,RF_GB,RF_RID,GB_RID
4.171495340815767e-10,9.303826743732844e-10,4.951050770617454e-09,9.263166731041539e-10,1.369207684584281e-07,0.00020528446087809772,2.7449109126066564e-06,0.01602702669168232,4.148001064526769e-10,2.788749866276452e-06,0.00027961126781243843,8.997483118049658e-12,1.3588395384429149e-09,9.630186255429114e-09,3.580069955479316e-11
