KR_MLP,KR_SVR,KR_RF,KR_GB,KR_RID,MLP_SVR,MLP_RF,MLP_GB,MLP_RID,SVR_RF,SVR_GB,SVR_RID,RF_GB,RF_RID,GB_RID
1.417431559840281e-09,9.795449802484796e-11,1.475251073343189e-09,1.879076690954681e-09,8.96935024709756e-08,0.10686608153122398,7.84640916204122e-06,0.9021292168395062,6.513629397649607e-12,4.2122521544581814e-07,0.22876248768546595,2.6620245710785664e-13,3.666897606524616e-07,9.077749855203647e-12,4.607629288472874e-11
