KR_MLP,KR_SVR,KR_RF,KR_GB,KR_RID,MLP_SVR,MLP_RF,MLP_GB,MLP_RID,SVR_RF,SVR_GB,SVR_RID,RF_GB,RF_RID,GB_RID
4.945606896102169e-09,3.1261455009277317e-09,6.426709383071596e-09,3.6491702546653104e-09,4.7987904693305906e-08,1.6725413398137934e-07,0.021303641994745954,2.912280823573445e-06,7.808831567919964e-09,2.376090505406162e-05,0.1017346368829147,2.4617902880590977e-10,1.9875844125199703e-06,3.796383736342525e-09,1.4700986198834012e-10
