KR_MLP,KR_SVR,KR_RF,KR_GB,KR_RID,MLP_SVR,MLP_RF,MLP_GB,MLP_RID,SVR_RF,SVR_GB,SVR_RID,RF_GB,RF_RID,GB_RID
9.293362512532519e-10,9.01742616054276e-10,4.659047614022293e-09,1.9676267384994684e-09,4.71284982704782e-08,4.418427601945165e-07,0.25270905755465206,3.975296213047133e-05,7.7378019108555e-09,5.327045662952939e-07,1.9423797181852618e-05,6.201705682760236e-10,8.193718186668538e-05,1.2244066784183731e-08,4.855248029549421e-09
