GB_KR,GB_MLP,GB_RF,GB_RID,GB_SVR,GB_trf-ada,KR_MLP,KR_RF,KR_RID,KR_SVR,KR_trf-ada,MLP_RF,MLP_RID,MLP_SVR,MLP_trf-ada,RF_RID,RF_SVR,RF_trf-ada,RID_SVR,RID_trf-ada,SVR_trf-ada
4.074814989626548e-10,0.00015671658227996244,4.4778481375159505e-05,3.5858633266691372e-09,7.665905987973997e-07,9.94539519871286e-12,2.7843697672319407e-10,5.624656555285523e-09,1.9877936866941562e-06,7.70792262878401e-11,8.192804796234531e-13,0.18169032820357933,2.3087226452073358e-07,4.875561526818713e-07,8.741032287090265e-12,9.931428922236298e-10,3.658153075945849e-07,5.652490713684147e-13,1.2266840271037462e-10,9.127484819389312e-13,1.303566900699162e-11
