GB_KR,GB_RID,GB_trf-ada,KR_MLP,KR_RF,KR_RID,KR_SVR,KR_trf-ada,MLP_RID,MLP_trf-ada,RF_RID,RF_SVR,RF_trf-ada,RID_SVR,RID_trf-ada,SVR_trf-ada
0.00018267179110955002,0.00018267179110955002,0.00018267179110955002,0.00018267179110955002,0.00018267179110955002,0.011329696684474665,0.00018267179110955002,0.00018267179110955002,0.00024612812790522973,0.00018267179110955002,0.00018267179110955002,0.03763531378731424,0.00018267179110955002,0.00018267179110955002,0.00018267179110955002,0.00018267179110955002
