GB_KR,GB_MLP,GB_RF,GB_RID,GB_SVR,GB_trf-ada,KR_MLP,KR_RF,KR_RID,KR_SVR,KR_trf-ada,MLP_RF,MLP_RID,MLP_SVR,MLP_trf-ada,RF_RID,RF_SVR,RF_trf-ada,RID_SVR,RID_trf-ada,SVR_trf-ada
1.9864796954088513e-11,0.31680483248567376,0.0016704644221131686,5.269646859801587e-10,3.4040250432332786e-06,1.4486655827356313e-10,6.25596707808646e-10,1.425807419014395e-11,4.679980889236889e-06,2.6058009118264506e-11,8.057326479401483e-12,0.16004022666755865,3.230576689018763e-08,2.0404122486998842e-05,3.927303412778526e-10,4.446039788410849e-10,1.8397875721238865e-05,5.457940836994459e-11,8.356322331047897e-10,1.9649423803853943e-11,3.3407022191153764e-10
