GB_KR,GB_MLP,GB_RF,GB_RID,GB_SVR,GB_trf-ada,KR_MLP,KR_RF,KR_RID,KR_SVR,KR_trf-ada,MLP_RF,MLP_RID,MLP_SVR,MLP_trf-ada,RF_RID,RF_SVR,RF_trf-ada,RID_SVR,RID_trf-ada,SVR_trf-ada
3.1418629659394117e-09,2.1415431615820342e-07,2.851747203427702e-07,1.2121556768114912e-10,0.015112026717379051,2.7289073589729423e-13,4.520054051780826e-09,1.4527227906367099e-08,2.6641368695089167e-07,4.922118738910132e-09,3.799886894592236e-12,0.00025209120997411586,5.8268194556758176e-08,3.944252397580702e-06,2.8598240939917876e-13,2.7605345359053473e-09,1.1512572734019328e-06,1.273168797867792e-13,1.7690773052356577e-09,1.0867997567379388e-13,3.2837978864928273e-13
