GB_KR,GB_MLP,GB_RF,GB_RID,GB_SVR,GB_trf-ada,KR_MLP,KR_RF,KR_RID,KR_SVR,KR_trf-ada,MLP_RF,MLP_RID,MLP_SVR,MLP_trf-ada,RF_RID,RF_SVR,RF_trf-ada,RID_SVR,RID_trf-ada,SVR_trf-ada
2.1838380783691385e-09,1.3780088195976196e-05,7.959624444449327e-06,5.602697373035805e-10,1.2643035871989767e-10,2.9502449671946932e-12,4.9545713006160415e-08,3.4658444643242344e-09,2.0297620249847965e-07,1.4691967989038487e-08,1.601207114463897e-11,0.001163801054756394,2.758706127081325e-06,0.028272636781619565,1.7803007950982164e-12,2.337797219620112e-09,1.1066406043327014e-08,3.005001944630364e-12,5.658586562838955e-08,3.0712157957784784e-12,3.2120213488757043e-12
