GB_KR,GB_MLP,GB_RF,GB_RID,GB_trf-ada,KR_MLP,KR_RF,KR_RID,KR_SVR,KR_trf-ada,MLP_RF,MLP_RID,MLP_SVR,MLP_trf-ada,RF_RID,RF_trf-ada,RID_SVR,RID_trf-ada,SVR_trf-ada
0.00018267179110955002,0.00024612812790522973,0.011329696684474665,0.00018267179110955002,0.00018267179110955002,0.00018267179110955002,0.00018267179110955002,0.00018267179110955002,0.00018267179110955002,0.00018267179110955002,0.0028272720911168077,0.00018267179110955002,0.00032983852077799353,0.00018267179110955002,0.00018267179110955002,0.00018267179110955002,0.00018267179110955002,0.00018267179110955002,0.00018267179110955002
