GB_KR,GB_MLP,GB_RID,GB_SVR,GB_trf-ada,KR_MLP,KR_RF,KR_RID,KR_SVR,KR_trf-ada,MLP_RF,MLP_RID,MLP_trf-ada,RF_RID,RF_SVR,RF_trf-ada,RID_SVR,RID_trf-ada,SVR_trf-ada
0.00018267179110955002,0.0007685389131627665,0.00018267179110955002,0.00032983852077799353,0.00018267179110955002,0.00018267179110955002,0.00018267179110955002,0.00018267179110955002,0.00018267179110955002,0.00018267179110955002,0.011329696684474665,0.00024612812790522973,0.00018267179110955002,0.00018267179110955002,0.0017062493689195964,0.00018267179110955002,0.0010079762403767444,0.00018267179110955002,0.00018267179110955002
