GB_KR,GB_MLP,GB_RF,GB_RID,GB_SVR,GB_trf-ada,KR_MLP,KR_RF,KR_RID,KR_SVR,KR_trf-ada,MLP_RF,MLP_RID,MLP_SVR,MLP_trf-ada,RF_RID,RF_SVR,RF_trf-ada,RID_SVR,RID_trf-ada,SVR_trf-ada
1.058521561790657e-09,0.33229577105305214,2.1994344536950208e-08,1.3063814186426052e-09,0.002062472368959878,2.16261527011836e-13,4.720196121665961e-10,6.261407687139469e-09,6.11454386097376e-08,4.802693888675601e-10,1.9974364437722557e-12,3.2386079331964272e-09,5.832963524340974e-10,0.000985609671116755,1.5719306777737665e-13,5.997029315291941e-06,4.691878382166224e-09,7.621877403241964e-15,5.716319716698909e-10,6.759769672982143e-13,2.318177498798444e-13
