GB_KR,GB_MLP,GB_RF,GB_RID,GB_SVR,GB_trf-ada,KR_MLP,KR_RF,KR_RID,KR_SVR,KR_trf-ada,MLP_RF,MLP_RID,MLP_SVR,MLP_trf-ada,RF_RID,RF_SVR,RF_trf-ada,RID_SVR,RID_trf-ada,SVR_trf-ada
1.8025254413147268e-09,0.12105876017307451,9.829664484749696e-09,8.940409657545547e-10,3.454779076480067e-08,4.018229791966518e-13,6.173938513151952e-10,1.3688746893853793e-08,5.9518281708513875e-08,3.9112611463857453e-10,3.074733462098964e-12,9.934425413209043e-08,4.728490022936173e-10,2.8315164574687855e-08,1.0837013949703048e-13,3.454303562781861e-07,4.667851656532228e-10,1.3654735757959183e-13,1.1289755957162907e-10,3.9308443876308396e-13,2.4412573480129337e-13
