GB_KR,GB_MLP,GB_RF,GB_RID,GB_SVR,GB_trf-ada,KR_MLP,KR_RF,KR_RID,KR_SVR,KR_trf-ada,MLP_RF,MLP_RID,MLP_SVR,MLP_trf-ada,RF_RID,RF_SVR,RF_trf-ada,RID_SVR,RID_trf-ada,SVR_trf-ada
9.263166731041539e-10,0.01602702669168232,1.3588395384429149e-09,3.580069955479316e-11,0.00027961126781243843,3.5720185888621375e-14,4.171495340815767e-10,4.951050770617454e-09,1.369207684584281e-07,9.303826743732844e-10,1.296970718799949e-13,2.7449109126066564e-06,4.148001064526769e-10,0.00020528446087809772,8.265935764694526e-14,9.630186255429114e-09,2.788749866276452e-06,6.519105140637762e-14,8.997483118049658e-12,2.21004146019036e-15,2.3707687789163077e-14
