GB_KR,GB_MLP,GB_RF,GB_RID,GB_SVR,GB_trf-ada,KR_MLP,KR_RF,KR_RID,KR_SVR,KR_trf-ada,MLP_RF,MLP_RID,MLP_SVR,MLP_trf-ada,RF_RID,RF_SVR,RF_trf-ada,RID_SVR,RID_trf-ada,SVR_trf-ada
1.879076690954681e-09,0.9021292168395062,3.666897606524616e-07,4.607629288472874e-11,0.22876248768546595,3.627886853452181e-11,1.417431559840281e-09,1.475251073343189e-09,8.96935024709756e-08,9.795449802484796e-11,4.304017572062764e-11,7.84640916204122e-06,6.513629397649607e-12,0.10686608153122398,8.426338069283672e-11,9.077749855203647e-12,4.2122521544581814e-07,2.1588661623901923e-11,2.6620245710785664e-13,6.769859373022626e-12,1.1032899970764338e-10
