GB_KR,GB_MLP,GB_RF,GB_RID,GB_SVR,GB_trf-ada,KR_MLP,KR_RF,KR_RID,KR_SVR,KR_trf-ada,MLP_RF,MLP_RID,MLP_SVR,MLP_trf-ada,RF_RID,RF_SVR,RF_trf-ada,RID_SVR
0.00018267179110955002,0.04515456962427901,0.031209012771740218,0.00018267179110955002,0.08897301170181328,0.00018267179110955002,0.00018267179110955002,0.00018267179110955002,0.0010079762403767444,0.00018267179110955002,0.00018267179110955002,0.6231762238821174,0.00018267179110955002,0.00579535854433471,0.00018267179110955002,0.00018267179110955002,0.00018267179110955002,0.00018267179110955002,0.00018267179110955002
