GB_KR,GB_MLP,GB_RF,GB_RID,GB_SVR,GB_trf-ada,KR_MLP,KR_RF,KR_RID,KR_SVR,KR_trf-ada,MLP_RF,MLP_RID,MLP_SVR,MLP_trf-ada,RF_RID,RF_SVR,RF_trf-ada,RID_SVR,RID_trf-ada,SVR_trf-ada
3.6491702546653104e-09,2.912280823573445e-06,1.9875844125199703e-06,1.4700986198834012e-10,0.1017346368829147,8.060170631134213e-13,4.945606896102169e-09,6.426709383071596e-09,4.7987904693305906e-08,3.1261455009277317e-09,2.6699033447829705e-13,0.021303641994745954,7.808831567919964e-09,1.6725413398137934e-07,5.139329083389394e-13,3.796383736342525e-09,2.376090505406162e-05,7.583981605536655e-13,2.4617902880590977e-10,3.401413967114103e-14,6.392444668412415e-13
