GB_KR,GB_MLP,GB_RF,GB_RID,GB_trf-ada,KR_MLP,KR_RF,KR_RID,KR_SVR,KR_trf-ada,MLP_RID,MLP_SVR,MLP_trf-ada,RF_RID,RF_SVR,RF_trf-ada,RID_SVR,RID_trf-ada,SVR_trf-ada
0.00018267179110955002,0.011329696684474665,0.04515456962427901,0.00018267179110955002,0.00018267179110955002,0.00018267179110955002,0.00018267179110955002,0.00018267179110955002,0.00018267179110955002,0.00018267179110955002,0.00018267179110955002,0.004586392080253494,0.00018267179110955002,0.00018267179110955002,0.025748080821108063,0.00018267179110955002,0.00018267179110955002,0.00018267179110955002,0.00018267179110955002
