GB_KR,GB_MLP,GB_RF,GB_RID,GB_SVR,GB_trf-ada,KR_MLP,KR_RF,KR_RID,KR_SVR,KR_trf-ada,MLP_RF,MLP_RID,MLP_SVR,MLP_trf-ada,RF_RID,RF_SVR,RF_trf-ada,RID_SVR,RID_trf-ada,SVR_trf-ada
1.9676267384994684e-09,3.975296213047133e-05,8.193718186668538e-05,4.855248029549421e-09,1.9423797181852618e-05,1.9939726492636087e-12,9.293362512532519e-10,4.659047614022293e-09,4.71284982704782e-08,9.01742616054276e-10,3.2316269092950195e-12,0.25270905755465206,7.7378019108555e-09,4.418427601945165e-07,2.635349677086823e-12,1.2244066784183731e-08,5.327045662952939e-07,1.9647960073924037e-12,6.201705682760236e-10,4.884742229888928e-13,2.8504316215154485e-12
